word,difficulty,genre_ids,genre_names,hint_count,hints
Delfin,2,2,Natur & Tiere,4,"Sonar~A_TARGET_VIBE~2,Flosse~A_TARGET_VIBE~2,Bugwelle~A_TARGET_VIBE~3,Sprung~A_TARGET_VIBE~2"
Aal,2,1|2,Essen & Trinken|Natur & Tiere,4,"Netz~A_TARGET_VIBE~2,Brandung~A_TARGET_VIBE~3,Salz~A_TARGET_VIBE~2,Anker~A_TARGET_VIBE~2"
Abendrot,3,11,Wetter & Himmel,5,"Horizont~A_TARGET_VIBE~3,Glühen~A_TARGET_VIBE~2,Schatten~A_TARGET_VIBE~3,orange~A_TARGET_VIBE~2,Sonnenuntergang~A_TARGET_VIBE~3"
Adler,3,2,Natur & Tiere,5,"Wappen~A_TARGET_VIBE~2,Thermik~A_TARGET_VIBE~3,Klaue~A_TARGET_VIBE~2,Kreisflug~A_TARGET_VIBE~3,Felswand~A_TARGET_VIBE~3"
Affe,1,2,Natur & Tiere,4,"Liane~A_TARGET_VIBE~2,Dschungel~A_TARGET_VIBE~2,Kletterast~A_TARGET_VIBE~2,Bananenschale~A_TARGET_VIBE~2"
Ahorn,2,2,Natur & Tiere,4,"Herbstlaub~A_TARGET_VIBE~3,Sirup~A_TARGET_VIBE~2,Flügelsamen~A_TARGET_VIBE~3,Parkallee~A_TARGET_VIBE~3"
Albatros,4,2,Natur & Tiere,6,"Tiefsee~A_TARGET_VIBE~3,Gleitflug~A_TARGET_VIBE~3,Sturmwind~A_TARGET_VIBE~3,Bugwelle~A_TARGET_VIBE~3,Salzluft~A_TARGET_VIBE~3,Horizont~A_TARGET_VIBE~3"
Alge,3,2,Natur & Tiere,5,"Küste~A_TARGET_VIBE~2,Aquarium~A_TARGET_VIBE~3,Glitsch~A_TARGET_VIBE~3,Gezeiten~A_TARGET_VIBE~3,Nährstoff~A_TARGET_VIBE~3"
Alpaka,3,2,Natur & Tiere,5,"Anden~A_TARGET_VIBE~2,Wolle~A_TARGET_VIBE~2,Herde~A_TARGET_VIBE~2,Weide~A_TARGET_VIBE~2,Zottel~A_TARGET_VIBE~2"
Ameise,1,2,Natur & Tiere,4,"Straße~A_TARGET_VIBE~2,Krümel~A_TARGET_VIBE~2,Bau~A_TARGET_VIBE~2,Pheromon~A_TARGET_VIBE~2"
Ameisenbär,4,2,Natur & Tiere,6,"Termitenhügel~A_TARGET_VIBE~3,Schnauze~A_TARGET_VIBE~3,Zunge~A_TARGET_VIBE~3,Savanne~A_TARGET_VIBE~3,Krallen~A_TARGET_VIBE~3,Dämmerung~A_TARGET_VIBE~3"
Amsel,2,2,Natur & Tiere,4,"Garten~A_TARGET_VIBE~2,Morgensang~A_TARGET_VIBE~3,Hecke~A_TARGET_VIBE~2,Beere~A_TARGET_VIBE~2"
Anakonda,4,2,Natur & Tiere,6,"Sumpf~A_TARGET_VIBE~3,Würgen~A_TARGET_VIBE~3,Schuppen~A_TARGET_VIBE~3,Ufer~A_TARGET_VIBE~3,Tarnung~A_TARGET_VIBE~3,Terrarium~A_TARGET_VIBE~3"
Antilope,2,2,Natur & Tiere,4,"Herde~A_TARGET_VIBE~2,Savanne~A_TARGET_VIBE~2,Flucht~A_TARGET_VIBE~2,Weide~A_TARGET_VIBE~2"
Apfel,2,1|2,Essen & Trinken|Natur & Tiere,4,"Schale~A_TARGET_VIBE~2,Kerngehäuse~A_TARGET_VIBE~3,Most~A_TARGET_VIBE~2,Ernte~A_TARGET_VIBE~2"
Armadillo,3,2,Natur & Tiere,5,"Panzer~A_TARGET_VIBE~3,Wüste~A_TARGET_VIBE~2,Bau~A_TARGET_VIBE~2,Nachtaktiv~A_TARGET_VIBE~3,Graben~A_TARGET_VIBE~2"
Auerhahn,4,2,Natur & Tiere,6,"Balz~A_TARGET_VIBE~3,Laub~A_TARGET_VIBE~3,Wald~A_TARGET_VIBE~3,Horst~A_TARGET_VIBE~3,Feder~A_TARGET_VIBE~3,Dämmerung~A_TARGET_VIBE~3"
Axolotl,4,2,Natur & Tiere,6,"Teich~A_TARGET_VIBE~3,Feuchte~A_TARGET_VIBE~3,Laich~A_TARGET_VIBE~3,Kiemen~A_TARGET_VIBE~3,Aquarium~A_TARGET_VIBE~3,Moos~A_TARGET_VIBE~3"
Barsch,3,1|2,Essen & Trinken|Natur & Tiere,5,"Angel~A_TARGET_VIBE~2,Schuppe~A_TARGET_VIBE~3,Laich~A_TARGET_VIBE~2,Ufer~A_TARGET_VIBE~2,Gräte~A_TARGET_VIBE~2"
Basilisk,4,2,Natur & Tiere,6,"Sonnplatz~A_TARGET_VIBE~3,Tarnung~A_TARGET_VIBE~3,Schuppen~A_TARGET_VIBE~3,Wärmelampe~A_TARGET_VIBE~3,Zunge~A_TARGET_VIBE~3,Terrarium~A_TARGET_VIBE~3"
Baummarder,4,2,Natur & Tiere,6,"Kletterast~A_TARGET_VIBE~3,Dämmerung~A_TARGET_VIBE~3,Fell~A_TARGET_VIBE~3,Spur~A_TARGET_VIBE~3,Revier~A_TARGET_VIBE~3,Bau~A_TARGET_VIBE~3"
Biene,1,2,Natur & Tiere,4,"Honig~A_TARGET_VIBE~2,Wabe~A_TARGET_VIBE~2,Imkerei~A_TARGET_VIBE~2,Pollen~A_TARGET_VIBE~2"
Birke,2,2,Natur & Tiere,4,"Rinde~A_TARGET_VIBE~2,Laub~A_TARGET_VIBE~2,Jahresring~A_TARGET_VIBE~3,Schattig~A_TARGET_VIBE~3"
Birne,2,1|2,Essen & Trinken|Natur & Tiere,4,"Ernte~A_TARGET_VIBE~2,Saft~A_TARGET_VIBE~2,Kern~A_TARGET_VIBE~2,Kuchen~A_TARGET_VIBE~2"
Blatt,2,2,Natur & Tiere,4,"Laub~A_TARGET_VIBE~2,Pollen~A_TARGET_VIBE~2,Schattig~A_TARGET_VIBE~3,Saftstrom~A_TARGET_VIBE~3"
Blitz,3,11,Wetter & Himmel,5,"Warnung~A_TARGET_VIBE~3,Horizont~A_TARGET_VIBE~3,Glühen~A_TARGET_VIBE~2,Schatten~A_TARGET_VIBE~3,Dunst~A_TARGET_VIBE~3"
Blindschleiche,3,2,Natur & Tiere,5,"Häutung~A_TARGET_VIBE~3,Schuppen~A_TARGET_VIBE~3,Sonnplatz~A_TARGET_VIBE~2,Tarnung~A_TARGET_VIBE~3,Sand~A_TARGET_VIBE~2"
Bluthänfling,4,2,Natur & Tiere,6,"Zwitschern~A_TARGET_VIBE~3,Hecke~A_TARGET_VIBE~3,Nistkasten~A_TARGET_VIBE~3,Feder~A_TARGET_VIBE~3,Laub~A_TARGET_VIBE~3,Garten~A_TARGET_VIBE~3"
Boa,3,2,Natur & Tiere,5,"Würgen~A_TARGET_VIBE~3,Schuppen~A_TARGET_VIBE~3,Terrarium~A_TARGET_VIBE~2,Tarnung~A_TARGET_VIBE~3,Sonnplatz~A_TARGET_VIBE~2"
Bock,3,2,Natur & Tiere,5,"Herde~A_TARGET_VIBE~2,Horn~A_TARGET_VIBE~3,Weide~A_TARGET_VIBE~2,Stall~A_TARGET_VIBE~2,Flucht~A_TARGET_VIBE~2"
Brahminy,4,2,Natur & Tiere,6,"Thermik~A_TARGET_VIBE~3,Kreisflug~A_TARGET_VIBE~3,Feder~A_TARGET_VIBE~3,Ansitz~A_TARGET_VIBE~3,Beute~A_TARGET_VIBE~3,Klaue~A_TARGET_VIBE~3"
Brandung,3,2|11,Natur & Tiere|Wetter & Himmel,5,"Gischt~A_TARGET_VIBE~3,Küste~A_TARGET_VIBE~2,Salzluft~A_TARGET_VIBE~3,Felsen~A_TARGET_VIBE~3,Rauschen~A_TARGET_VIBE~3"
Bremse,3,2,Natur & Tiere,5,"Saugrüssel~A_TARGET_VIBE~3,Stich~A_TARGET_VIBE~3,Krabbeln~A_TARGET_VIBE~3,Schwarm~A_TARGET_VIBE~2,Panzer~A_TARGET_VIBE~3"
Brennnessel,4,2,Natur & Tiere,6,"Jucken~A_TARGET_VIBE~3,Stich~A_TARGET_VIBE~3,Wiese~A_TARGET_VIBE~3,Tee~A_TARGET_VIBE~3,Handschuh~A_TARGET_VIBE~3,Brennhaare~A_TARGET_VIBE~3"
Brise,2,11,Wetter & Himmel,4,"Segel~A_TARGET_VIBE~2,Düne~A_TARGET_VIBE~2,Salzluft~A_TARGET_VIBE~2,Kräuseln~A_TARGET_VIBE~3"
Brombeere,3,1|2,Essen & Trinken|Natur & Tiere,5,"Dornen~A_TARGET_VIBE~3,Hecke~A_TARGET_VIBE~2,Marmelade~A_TARGET_VIBE~2,Sommer~A_TARGET_VIBE~2,Sammelkorb~A_TARGET_VIBE~3"
Bromelie,4,2,Natur & Tiere,6,"Duft~A_TARGET_VIBE~3,Schattig~A_TARGET_VIBE~3,Pollen~A_TARGET_VIBE~3,Waldduft~A_TARGET_VIBE~3,Laub~A_TARGET_VIBE~3,Biene~A_TARGET_VIBE~3"
Buche,2,2,Natur & Tiere,4,"Stamm~A_TARGET_VIBE~3,Jahresring~A_TARGET_VIBE~3,Laub~A_TARGET_VIBE~2,Rinde~A_TARGET_VIBE~2"
Buchsbaum,4,2,Natur & Tiere,6,"Hecke~A_TARGET_VIBE~3,Wintergrün~A_TARGET_VIBE~3,Schattig~A_TARGET_VIBE~3,Laub~A_TARGET_VIBE~3,Rinde~A_TARGET_VIBE~3,Krone~A_TARGET_VIBE~3"
Bucht,3,2|3,Natur & Tiere|Orte & Reisen,5,"Anker~A_TARGET_VIBE~2,Küste~A_TARGET_VIBE~2,Landzunge~A_TARGET_VIBE~3,Segel~A_TARGET_VIBE~2,Hafen~A_TARGET_VIBE~2"
Bussard,4,2,Natur & Tiere,6,"Thermik~A_TARGET_VIBE~3,Kreisflug~A_TARGET_VIBE~3,Klaue~A_TARGET_VIBE~3,Ansitz~A_TARGET_VIBE~3,Beute~A_TARGET_VIBE~3,Fels~A_TARGET_VIBE~3"
Bär,2,2,Natur & Tiere,4,"Höhle~A_TARGET_VIBE~2,Tatze~A_TARGET_VIBE~2,Honig~A_TARGET_VIBE~2,Winterschlaf~A_TARGET_VIBE~2"
Büffel,4,2,Natur & Tiere,6,"Herde~A_TARGET_VIBE~3,Savanne~A_TARGET_VIBE~3,Staub~A_TARGET_VIBE~3,Weide~A_TARGET_VIBE~3,Flucht~A_TARGET_VIBE~3,Revier~A_TARGET_VIBE~3"
Champignon,2,1|2,Essen & Trinken|Natur & Tiere,4,"Pfanne~A_TARGET_VIBE~2,Rahmsoße~A_TARGET_VIBE~3,Sammelkorb~A_TARGET_VIBE~2,Myzel~A_TARGET_VIBE~3"
Chamäleon,4,2,Natur & Tiere,6,"Farbwechsel~A_TARGET_VIBE~3,Zunge~A_TARGET_VIBE~3,Terrarium~A_TARGET_VIBE~3,Ast~A_TARGET_VIBE~3,Tarnung~A_TARGET_VIBE~3,Augen~A_TARGET_VIBE~3"
Chinchilla,4,2,Natur & Tiere,6,"Fell~A_TARGET_VIBE~3,Nachtaktiv~A_TARGET_VIBE~3,Bau~A_TARGET_VIBE~3,Weide~A_TARGET_VIBE~3,Spur~A_TARGET_VIBE~3,Revier~A_TARGET_VIBE~3"
Dachs,3,2,Natur & Tiere,5,"Bau~A_TARGET_VIBE~2,Dämmerung~A_TARGET_VIBE~3,Streifen~A_TARGET_VIBE~2,Waldweg~A_TARGET_VIBE~3,Graben~A_TARGET_VIBE~2"
Delfinbulle,4,2,Natur & Tiere,6,"Sonar~A_TARGET_VIBE~3,Flosse~A_TARGET_VIBE~3,Sprung~A_TARGET_VIBE~3,Bugwelle~A_TARGET_VIBE~3,Meer~A_TARGET_VIBE~3,Horizont~A_TARGET_VIBE~3"
Delta,3,2|3,Natur & Tiere|Orte & Reisen,5,"Mündung~A_TARGET_VIBE~3,Schlick~A_TARGET_VIBE~3,Schilf~A_TARGET_VIBE~3,Vogelzug~A_TARGET_VIBE~3,Verzweigung~A_TARGET_VIBE~3"
Distel,3,2,Natur & Tiere,5,"Stachel~A_TARGET_VIBE~3,Wiese~A_TARGET_VIBE~2,Biene~A_TARGET_VIBE~2,Pollen~A_TARGET_VIBE~2,Dornen~A_TARGET_VIBE~3"
Donner,3,11,Wetter & Himmel,5,"Warnung~A_TARGET_VIBE~3,Nacht~A_TARGET_VIBE~3,Dunst~A_TARGET_VIBE~3,Schatten~A_TARGET_VIBE~3,Horizont~A_TARGET_VIBE~3"
Dorsch,3,1|2,Essen & Trinken|Natur & Tiere,5,"Netz~A_TARGET_VIBE~2,Gräte~A_TARGET_VIBE~2,Räuchern~A_TARGET_VIBE~3,Salz~A_TARGET_VIBE~2,Haken~A_TARGET_VIBE~2"
Drossel,3,2,Natur & Tiere,5,"Zwitschern~A_TARGET_VIBE~3,Garten~A_TARGET_VIBE~2,Nistkasten~A_TARGET_VIBE~3,Hecke~A_TARGET_VIBE~2,Feder~A_TARGET_VIBE~2"
Dunst,2,11,Wetter & Himmel,4,"Sichtweite~A_TARGET_VIBE~2,Feuchte~A_TARGET_VIBE~2,Morgengrauen~A_TARGET_VIBE~3,Tropfen~A_TARGET_VIBE~2"
Düne,2,2|3,Natur & Tiere|Orte & Reisen,4,"Sand~A_TARGET_VIBE~2,Wind~A_TARGET_VIBE~2,Küste~A_TARGET_VIBE~2,Fußspur~A_TARGET_VIBE~2"
Efeu,4,2,Natur & Tiere,6,"Hecke~A_TARGET_VIBE~3,Schattig~A_TARGET_VIBE~3,Krone~A_TARGET_VIBE~3,Laub~A_TARGET_VIBE~3,Rinde~A_TARGET_VIBE~3,Saftstrom~A_TARGET_VIBE~3"
Eiche,2,2,Natur & Tiere,4,"Jahresring~A_TARGET_VIBE~3,Borke~A_TARGET_VIBE~3,Laub~A_TARGET_VIBE~2,Krone~A_TARGET_VIBE~2"
Eichhörnchen,2,2,Natur & Tiere,4,"Nuss~A_TARGET_VIBE~2,Kletterast~A_TARGET_VIBE~2,Vorrat~A_TARGET_VIBE~3,Schwanz~A_TARGET_VIBE~2"
Eisvogel,4,2,Natur & Tiere,6,"Ufer~A_TARGET_VIBE~3,Blitzflug~A_TARGET_VIBE~3,Türkis~A_TARGET_VIBE~3,Bach~A_TARGET_VIBE~3,Ansitz~A_TARGET_VIBE~3,Sturzflug~A_TARGET_VIBE~3"
Elch,3,2,Natur & Tiere,5,"Geweih~A_TARGET_VIBE~3,Moor~A_TARGET_VIBE~2,Weide~A_TARGET_VIBE~2,Spur~A_TARGET_VIBE~2,Dämmerung~A_TARGET_VIBE~3"
Erdbeere,1,1|2,Essen & Trinken|Natur & Tiere,4,"Schlagsahne~A_TARGET_VIBE~2,Ernte~A_TARGET_VIBE~2,Sommer~A_TARGET_VIBE~2,Marmelade~A_TARGET_VIBE~2"
Eule,3,2,Natur & Tiere,5,"Nacht~A_TARGET_VIBE~3,Lautlos~A_TARGET_VIBE~3,Ansitz~A_TARGET_VIBE~2,Horst~A_TARGET_VIBE~2,Schnabel~A_TARGET_VIBE~2"
Falken,4,2,Natur & Tiere,6,"Thermik~A_TARGET_VIBE~3,Kreisflug~A_TARGET_VIBE~3,Klaue~A_TARGET_VIBE~3,Beute~A_TARGET_VIBE~3,Ansitz~A_TARGET_VIBE~3,Flugbahn~A_TARGET_VIBE~3"
Farn,3,2,Natur & Tiere,5,"Schattig~A_TARGET_VIBE~3,Laub~A_TARGET_VIBE~2,Waldduft~A_TARGET_VIBE~3,Rinde~A_TARGET_VIBE~3,Samen~A_TARGET_VIBE~2"
Fasan,4,2,Natur & Tiere,6,"Balz~A_TARGET_VIBE~3,Feder~A_TARGET_VIBE~3,Flugbahn~A_TARGET_VIBE~3,Ansitz~A_TARGET_VIBE~3,Hecke~A_TARGET_VIBE~3,Garten~A_TARGET_VIBE~3"
Fichte,3,2,Natur & Tiere,5,"Nadel~A_TARGET_VIBE~2,Zapfen~A_TARGET_VIBE~2,Harz~A_TARGET_VIBE~2,Wintergrün~A_TARGET_VIBE~3,Waldweg~A_TARGET_VIBE~3"
Fink,3,2,Natur & Tiere,5,"Zwitschern~A_TARGET_VIBE~3,Garten~A_TARGET_VIBE~2,Hecke~A_TARGET_VIBE~2,Nistkasten~A_TARGET_VIBE~3,Laub~A_TARGET_VIBE~3"
Flamingo,4,2,Natur & Tiere,6,"Kolonie~A_TARGET_VIBE~3,Ufer~A_TARGET_VIBE~3,Schilf~A_TARGET_VIBE~3,Flattern~A_TARGET_VIBE~3,Schnabel~A_TARGET_VIBE~3,Feder~A_TARGET_VIBE~3"
Forelle,3,1|2,Essen & Trinken|Natur & Tiere,5,"Angel~A_TARGET_VIBE~2,Strömung~A_TARGET_VIBE~3,Laich~A_TARGET_VIBE~2,Ufer~A_TARGET_VIBE~2,Gräte~A_TARGET_VIBE~2"
Frost,2,11,Wetter & Himmel,4,"Kälte~A_TARGET_VIBE~2,Glätte~A_TARGET_VIBE~3,Warnung~A_TARGET_VIBE~2,Schatten~A_TARGET_VIBE~2"
Frosch,2,2,Natur & Tiere,4,"Quaken~A_TARGET_VIBE~2,Teich~A_TARGET_VIBE~2,Laich~A_TARGET_VIBE~2,Ufer~A_TARGET_VIBE~2"
Fuchs,2,2,Natur & Tiere,4,"Dämmerung~A_TARGET_VIBE~2,Spur~A_TARGET_VIBE~2,Bau~A_TARGET_VIBE~2,Revier~A_TARGET_VIBE~2"
Fjord,4,2|3,Natur & Tiere|Orte & Reisen,6,"Küste~A_TARGET_VIBE~3,Anker~A_TARGET_VIBE~3,Strömung~A_TARGET_VIBE~3,Hafen~A_TARGET_VIBE~3,Salz~A_TARGET_VIBE~3,Panorama~A_TARGET_VIBE~3"
Fledermaus,2,2,Natur & Tiere,4,"Nacht~A_TARGET_VIBE~3,Höhle~A_TARGET_VIBE~2,Flattern~A_TARGET_VIBE~2,Dämmerung~A_TARGET_VIBE~2"
Gans,3,2,Natur & Tiere,5,"Ufer~A_TARGET_VIBE~2,Schilf~A_TARGET_VIBE~3,Kolonie~A_TARGET_VIBE~2,Flattern~A_TARGET_VIBE~2,Schnabel~A_TARGET_VIBE~2"
Geier,4,2,Natur & Tiere,6,"Thermik~A_TARGET_VIBE~3,Kreisflug~A_TARGET_VIBE~3,Beute~A_TARGET_VIBE~3,Klaue~A_TARGET_VIBE~3,Fels~A_TARGET_VIBE~3,Ansitz~A_TARGET_VIBE~3"
Gepard,4,2,Natur & Tiere,6,"Savanne~A_TARGET_VIBE~3,Flucht~A_TARGET_VIBE~3,Spur~A_TARGET_VIBE~3,Revier~A_TARGET_VIBE~3,Fell~A_TARGET_VIBE~3,Dämmerung~A_TARGET_VIBE~3"
Gewitter,4,11,Wetter & Himmel,6,"Blitz~A_TARGET_VIBE~3,Donner~A_TARGET_VIBE~3,Schwüle~A_TARGET_VIBE~3,Regenguss~A_TARGET_VIBE~3,Horizont~A_TARGET_VIBE~3,Warnung~A_TARGET_VIBE~3"
Giraffe,2,2,Natur & Tiere,4,"Savanne~A_TARGET_VIBE~2,Herde~A_TARGET_VIBE~2,Weide~A_TARGET_VIBE~2,Flucht~A_TARGET_VIBE~2"
Gletscher,4,2|3,Natur & Tiere|Orte & Reisen,6,"Gletscherspalte~A_TARGET_VIBE~3,Schmelzwasser~A_TARGET_VIBE~3,Eisblau~A_TARGET_VIBE~3,Moräne~A_TARGET_VIBE~3,Höhenlage~A_TARGET_VIBE~3,Kälte~A_TARGET_VIBE~3"
Grasfrosch,4,2,Natur & Tiere,6,"Quaken~A_TARGET_VIBE~3,Laich~A_TARGET_VIBE~3,Teich~A_TARGET_VIBE~3,Ufer~A_TARGET_VIBE~3,Feuchte~A_TARGET_VIBE~3,Moos~A_TARGET_VIBE~3"
Hagel,3,11,Wetter & Himmel,5,"Beule~A_TARGET_VIBE~3,Korn~A_TARGET_VIBE~3,Unwetter~A_TARGET_VIBE~3,Schaden~A_TARGET_VIBE~3,Scheibe~A_TARGET_VIBE~3"
Hase,1,2,Natur & Tiere,4,"Flucht~A_TARGET_VIBE~2,Weide~A_TARGET_VIBE~2,Spur~A_TARGET_VIBE~2,Dämmerung~A_TARGET_VIBE~2"
Hecht,3,1|2,Essen & Trinken|Natur & Tiere,5,"Angel~A_TARGET_VIBE~2,Schuppe~A_TARGET_VIBE~3,Laich~A_TARGET_VIBE~2,Ufer~A_TARGET_VIBE~2,Gräte~A_TARGET_VIBE~2"
Heidekraut,4,2,Natur & Tiere,6,"Wiese~A_TARGET_VIBE~3,Duft~A_TARGET_VIBE~3,Pollen~A_TARGET_VIBE~3,Biene~A_TARGET_VIBE~3,Schattig~A_TARGET_VIBE~3,Herbstlaub~A_TARGET_VIBE~3"
Heidelbeere,2,1|2,Essen & Trinken|Natur & Tiere,4,"Wald~A_TARGET_VIBE~2,Mundblau~A_TARGET_VIBE~3,Sammeln~A_TARGET_VIBE~2,Sommer~A_TARGET_VIBE~2"
Hering,4,1|2,Essen & Trinken|Natur & Tiere,6,"Salz~A_TARGET_VIBE~3,Fass~A_TARGET_VIBE~3,Netz~A_TARGET_VIBE~3,Räuchern~A_TARGET_VIBE~3,Ostsee~A_TARGET_VIBE~3,Gräte~A_TARGET_VIBE~3"
Himbeere,2,1|2,Essen & Trinken|Natur & Tiere,4,"Sommer~A_TARGET_VIBE~2,Saft~A_TARGET_VIBE~2,Kuchen~A_TARGET_VIBE~2,Duft~A_TARGET_VIBE~2"
Hornisse,4,2,Natur & Tiere,6,"Stich~A_TARGET_VIBE~3,Nest~A_TARGET_VIBE~3,Süßes~A_TARGET_VIBE~3,Fühler~A_TARGET_VIBE~3,Schwarm~A_TARGET_VIBE~3,Summen~A_TARGET_VIBE~3"
Igel,2,2,Natur & Tiere,4,"Dämmerung~A_TARGET_VIBE~2,Laub~A_TARGET_VIBE~2,Spur~A_TARGET_VIBE~2,Bau~A_TARGET_VIBE~2"
Insel,3,2|3,Natur & Tiere|Orte & Reisen,5,"Fähre~A_TARGET_VIBE~3,Küste~A_TARGET_VIBE~2,Bucht~A_TARGET_VIBE~3,Leuchtturm~A_TARGET_VIBE~3,Abgeschieden~A_TARGET_VIBE~3"
Jaguar,4,2,Natur & Tiere,6,"Dschungel~A_TARGET_VIBE~3,Revier~A_TARGET_VIBE~3,Spur~A_TARGET_VIBE~3,Dämmerung~A_TARGET_VIBE~3,Beute~A_TARGET_VIBE~3,Fell~A_TARGET_VIBE~3"
Johannisbeere,3,1|2,Essen & Trinken|Natur & Tiere,5,"Strauch~A_TARGET_VIBE~3,Gelee~A_TARGET_VIBE~2,Sommer~A_TARGET_VIBE~2,Säure~A_TARGET_VIBE~2,Ernte~A_TARGET_VIBE~2"
Kaktus,3,2,Natur & Tiere,5,"Stachel~A_TARGET_VIBE~3,Wüste~A_TARGET_VIBE~2,Trockenheit~A_TARGET_VIBE~3,Fensterbank~A_TARGET_VIBE~3,Sand~A_TARGET_VIBE~2"
Kanarienvogel,4,2,Natur & Tiere,6,"Zwitschern~A_TARGET_VIBE~3,Nistkasten~A_TARGET_VIBE~3,Feder~A_TARGET_VIBE~3,Schnabel~A_TARGET_VIBE~3,Garten~A_TARGET_VIBE~3,Hecke~A_TARGET_VIBE~3"
Karpfen,3,1|2,Essen & Trinken|Natur & Tiere,5,"Teich~A_TARGET_VIBE~2,Laich~A_TARGET_VIBE~2,Angel~A_TARGET_VIBE~2,Schuppe~A_TARGET_VIBE~3,Gräte~A_TARGET_VIBE~2"
Kiebitz,4,2,Natur & Tiere,6,"Wiese~A_TARGET_VIBE~3,Zug~A_TARGET_VIBE~3,Feder~A_TARGET_VIBE~3,Schilf~A_TARGET_VIBE~3,Nistkasten~A_TARGET_VIBE~3,Ufer~A_TARGET_VIBE~3"
Kirsche,2,1|2,Essen & Trinken|Natur & Tiere,4,"Stiel~A_TARGET_VIBE~2,Kern~A_TARGET_VIBE~2,Kuchen~A_TARGET_VIBE~2,Kirschsaft~A_TARGET_VIBE~3"
Klippe,3,2|3,Natur & Tiere|Orte & Reisen,5,"Abgrund~A_TARGET_VIBE~3,Brandung~A_TARGET_VIBE~3,Fels~A_TARGET_VIBE~3,Aussicht~A_TARGET_VIBE~3,Küste~A_TARGET_VIBE~2"
Klee,3,2,Natur & Tiere,5,"Wiese~A_TARGET_VIBE~2,Pollen~A_TARGET_VIBE~2,Biene~A_TARGET_VIBE~2,Duft~A_TARGET_VIBE~3,Nektar~A_TARGET_VIBE~3"
Kojote,3,2,Natur & Tiere,5,"Rudel~A_TARGET_VIBE~3,Heulen~A_TARGET_VIBE~3,Revier~A_TARGET_VIBE~2,Dämmerung~A_TARGET_VIBE~3,Spur~A_TARGET_VIBE~2"
Kormoran,4,2,Natur & Tiere,6,"Küste~A_TARGET_VIBE~3,Ufer~A_TARGET_VIBE~3,Sturzflug~A_TARGET_VIBE~3,Kolonie~A_TARGET_VIBE~3,Feder~A_TARGET_VIBE~3,Schilf~A_TARGET_VIBE~3"
Kornblume,4,2,Natur & Tiere,6,"Wiese~A_TARGET_VIBE~3,Duft~A_TARGET_VIBE~3,Pollen~A_TARGET_VIBE~3,Biene~A_TARGET_VIBE~3,Vase~A_TARGET_VIBE~3,Nektar~A_TARGET_VIBE~3"
Kranich,4,2,Natur & Tiere,6,"Zug~A_TARGET_VIBE~3,Schilf~A_TARGET_VIBE~3,Ufer~A_TARGET_VIBE~3,Feder~A_TARGET_VIBE~3,Kolonie~A_TARGET_VIBE~3,Schnabel~A_TARGET_VIBE~3"
Krokodil,3,2,Natur & Tiere,5,"Schuppen~A_TARGET_VIBE~3,Sumpf~A_TARGET_VIBE~2,Tarnung~A_TARGET_VIBE~3,Zunge~A_TARGET_VIBE~3,Sonnplatz~A_TARGET_VIBE~2"
Kuckuck,3,2,Natur & Tiere,5,"Zwitschern~A_TARGET_VIBE~3,Zug~A_TARGET_VIBE~2,Nistkasten~A_TARGET_VIBE~3,Hecke~A_TARGET_VIBE~2,Feder~A_TARGET_VIBE~2"
Küste,2,2|3,Natur & Tiere|Orte & Reisen,4,"Salz~A_TARGET_VIBE~2,Leuchtturm~A_TARGET_VIBE~3,Düne~A_TARGET_VIBE~2,Hafen~A_TARGET_VIBE~2"
Lachs,3,1|2,Essen & Trinken|Natur & Tiere,5,"Räuchern~A_TARGET_VIBE~3,Strömung~A_TARGET_VIBE~3,Laich~A_TARGET_VIBE~2,Gräte~A_TARGET_VIBE~2,Netz~A_TARGET_VIBE~2"
Lagune,4,2|3,Natur & Tiere|Orte & Reisen,6,"Flachwasser~A_TARGET_VIBE~3,Sandbank~A_TARGET_VIBE~3,Mangrove~A_TARGET_VIBE~3,Türkis~A_TARGET_VIBE~3,Kanu~A_TARGET_VIBE~3,Stille~A_TARGET_VIBE~3"
Lärche,3,2,Natur & Tiere,5,"Nadel~A_TARGET_VIBE~2,Zapfen~A_TARGET_VIBE~2,Harz~A_TARGET_VIBE~2,Wintergrün~A_TARGET_VIBE~3,Waldweg~A_TARGET_VIBE~3"
Lawine,3,2|11,Natur & Tiere|Wetter & Himmel,5,"Hang~A_TARGET_VIBE~3,Warnstufe~A_TARGET_VIBE~3,Schneebrett~A_TARGET_VIBE~3,Pieps~A_TARGET_VIBE~3,Rettung~A_TARGET_VIBE~3"
Leguan,4,2,Natur & Tiere,6,"Wärmelampe~A_TARGET_VIBE~3,Sonnplatz~A_TARGET_VIBE~3,Schuppen~A_TARGET_VIBE~3,Terrarium~A_TARGET_VIBE~3,Zunge~A_TARGET_VIBE~3,Tarnung~A_TARGET_VIBE~3"
Linde,3,2,Natur & Tiere,5,"Duft~A_TARGET_VIBE~3,Laub~A_TARGET_VIBE~2,Jahresring~A_TARGET_VIBE~3,Rinde~A_TARGET_VIBE~2,Krone~A_TARGET_VIBE~3"
Lilie,4,2,Natur & Tiere,6,"Duft~A_TARGET_VIBE~3,Vase~A_TARGET_VIBE~3,Pollen~A_TARGET_VIBE~3,Biene~A_TARGET_VIBE~3,Nektar~A_TARGET_VIBE~3,Wiese~A_TARGET_VIBE~3"
Luchs,4,2,Natur & Tiere,6,"Revier~A_TARGET_VIBE~3,Spur~A_TARGET_VIBE~3,Dämmerung~A_TARGET_VIBE~3,Fell~A_TARGET_VIBE~3,Bau~A_TARGET_VIBE~3,Wald~A_TARGET_VIBE~3"
Makrele,3,1|2,Essen & Trinken|Natur & Tiere,5,"Netz~A_TARGET_VIBE~2,Salz~A_TARGET_VIBE~2,Gräte~A_TARGET_VIBE~2,Räuchern~A_TARGET_VIBE~3,Haken~A_TARGET_VIBE~2"
Meerschweinchen,2,2,Natur & Tiere,4,"Herde~A_TARGET_VIBE~2,Stall~A_TARGET_VIBE~2,Fell~A_TARGET_VIBE~2,Weide~A_TARGET_VIBE~2"
Meer,2,2|3,Natur & Tiere|Orte & Reisen,4,"Salz~A_TARGET_VIBE~2,Horizont~A_TARGET_VIBE~2,Strömung~A_TARGET_VIBE~3,Tiefsee~A_TARGET_VIBE~2"
Molch,3,2,Natur & Tiere,5,"Teich~A_TARGET_VIBE~3,Laich~A_TARGET_VIBE~2,Feuchte~A_TARGET_VIBE~3,Ufer~A_TARGET_VIBE~2,Moos~A_TARGET_VIBE~2"
Mond,2,11,Wetter & Himmel,4,"Nacht~A_TARGET_VIBE~2,Krater~A_TARGET_VIBE~2,Gezeiten~A_TARGET_VIBE~3,Vollmond~A_TARGET_VIBE~2"
Moos,2,2,Natur & Tiere,4,"Feuchte~A_TARGET_VIBE~2,Schattig~A_TARGET_VIBE~3,Waldduft~A_TARGET_VIBE~3,Rinde~A_TARGET_VIBE~2"
Möwe,2,2,Natur & Tiere,4,"Küste~A_TARGET_VIBE~2,Brandung~A_TARGET_VIBE~2,Flattern~A_TARGET_VIBE~2,Kolonie~A_TARGET_VIBE~3"
Nebel,2,11,Wetter & Himmel,4,"Sichtweite~A_TARGET_VIBE~2,Feuchte~A_TARGET_VIBE~2,Laterne~A_TARGET_VIBE~3,Morgengrauen~A_TARGET_VIBE~3"
Nordlicht,4,11,Wetter & Himmel,6,"Polar~A_TARGET_VIBE~3,Grün~A_TARGET_VIBE~3,Flimmern~A_TARGET_VIBE~3,Horizont~A_TARGET_VIBE~3,Winternacht~A_TARGET_VIBE~3,Magnet~A_TARGET_VIBE~3"
Oase,3,2|3,Natur & Tiere|Orte & Reisen,5,"Wüste~A_TARGET_VIBE~3,Trockenheit~A_TARGET_VIBE~3,Wasserstelle~A_TARGET_VIBE~3,Palme~A_TARGET_VIBE~3,Schatten~A_TARGET_VIBE~3"
Orkan,4,11,Wetter & Himmel,6,"Windböe~A_TARGET_VIBE~3,Warnstufe~A_TARGET_VIBE~3,Abdecken~A_TARGET_VIBE~3,Küste~A_TARGET_VIBE~3,Sturmflut~A_TARGET_VIBE~3,Druckfall~A_TARGET_VIBE~3"
Palme,3,2,Natur & Tiere,5,"Trockenheit~A_TARGET_VIBE~3,Duft~A_TARGET_VIBE~2,Schatten~A_TARGET_VIBE~3,Saftstrom~A_TARGET_VIBE~3,Sommer~A_TARGET_VIBE~2"
Pelikan,4,2,Natur & Tiere,6,"Küste~A_TARGET_VIBE~3,Ufer~A_TARGET_VIBE~3,Kolonie~A_TARGET_VIBE~3,Schnabel~A_TARGET_VIBE~3,Feder~A_TARGET_VIBE~3,Schilf~A_TARGET_VIBE~3"
Pfau,4,2,Natur & Tiere,6,"Balz~A_TARGET_VIBE~3,Feder~A_TARGET_VIBE~3,Zwitschern~A_TARGET_VIBE~3,Hecke~A_TARGET_VIBE~3,Garten~A_TARGET_VIBE~3,Nistkasten~A_TARGET_VIBE~3"
Pfifferling,3,1|2,Essen & Trinken|Natur & Tiere,5,"Pfanne~A_TARGET_VIBE~2,Waldduft~A_TARGET_VIBE~3,Sammelkorb~A_TARGET_VIBE~3,Butter~A_TARGET_VIBE~2,Soße~A_TARGET_VIBE~2"
Pflaume,2,1|2,Essen & Trinken|Natur & Tiere,4,"Kern~A_TARGET_VIBE~2,Kompott~A_TARGET_VIBE~3,Ernte~A_TARGET_VIBE~2,Saft~A_TARGET_VIBE~2"
Pinguin,3,2,Natur & Tiere,5,"Kälte~A_TARGET_VIBE~3,Eis~A_TARGET_VIBE~3,Kolonie~A_TARGET_VIBE~2,Tauchen~A_TARGET_VIBE~3,Flosse~A_TARGET_VIBE~3"
Pilz,2,1|2,Essen & Trinken|Natur & Tiere,4,"Myzel~A_TARGET_VIBE~2,Waldduft~A_TARGET_VIBE~3,Sammelkorb~A_TARGET_VIBE~2,Pfanne~A_TARGET_VIBE~2"
Preiselbeere,3,1|2,Essen & Trinken|Natur & Tiere,5,"Wildsoße~A_TARGET_VIBE~3,Moor~A_TARGET_VIBE~3,Säure~A_TARGET_VIBE~2,Glas~A_TARGET_VIBE~2,Ernte~A_TARGET_VIBE~2"
Rabe,3,2,Natur & Tiere,5,"Krächzen~A_TARGET_VIBE~3,Ansitz~A_TARGET_VIBE~2,Feder~A_TARGET_VIBE~2,Nistkasten~A_TARGET_VIBE~3,Zug~A_TARGET_VIBE~2"
Regen,2,11,Wetter & Himmel,4,"Pfütze~A_TARGET_VIBE~2,Schirm~A_TARGET_VIBE~2,Tropfen~A_TARGET_VIBE~2,Gummistiefel~A_TARGET_VIBE~3"
Regenbogen,3,11,Wetter & Himmel,5,"Spektrum~A_TARGET_VIBE~3,Schauer~A_TARGET_VIBE~3,Sonne~A_TARGET_VIBE~2,Bogen~A_TARGET_VIBE~2,Farben~A_TARGET_VIBE~2"
Regenwurm,3,2,Natur & Tiere,5,"Kompost~A_TARGET_VIBE~3,Erde~A_TARGET_VIBE~2,Angelhaken~A_TARGET_VIBE~3,Feuchte~A_TARGET_VIBE~3,Wurmhumus~A_TARGET_VIBE~3"
Reh,3,2,Natur & Tiere,5,"Weide~A_TARGET_VIBE~2,Flucht~A_TARGET_VIBE~2,Spur~A_TARGET_VIBE~2,Dämmerung~A_TARGET_VIBE~3,Wald~A_TARGET_VIBE~2"
Reiher,4,2,Natur & Tiere,6,"Ufer~A_TARGET_VIBE~3,Schilf~A_TARGET_VIBE~3,Ansitz~A_TARGET_VIBE~3,Schnabel~A_TARGET_VIBE~3,Feder~A_TARGET_VIBE~3,Kolonie~A_TARGET_VIBE~3"
Riff,4,2|3,Natur & Tiere|Orte & Reisen,6,"Koralle~A_TARGET_VIBE~3,Schnorchel~A_TARGET_VIBE~3,Tropen~A_TARGET_VIBE~3,Brandung~A_TARGET_VIBE~3,Lagune~A_TARGET_VIBE~3,Türkis~A_TARGET_VIBE~3"
Robinie,3,2,Natur & Tiere,5,"Rinde~A_TARGET_VIBE~2,Laub~A_TARGET_VIBE~2,Jahresring~A_TARGET_VIBE~3,Krone~A_TARGET_VIBE~3,Schattig~A_TARGET_VIBE~3"
Rose,2,2,Natur & Tiere,4,"Dornen~A_TARGET_VIBE~2,Duft~A_TARGET_VIBE~2,Vase~A_TARGET_VIBE~2,Bouquet~A_TARGET_VIBE~3"
Rotkehlchen,3,2,Natur & Tiere,5,"Garten~A_TARGET_VIBE~2,Morgensang~A_TARGET_VIBE~3,Hecke~A_TARGET_VIBE~2,Nistkasten~A_TARGET_VIBE~3,Feder~A_TARGET_VIBE~2"
Räuber,4,2,Natur & Tiere,6,"Revier~A_TARGET_VIBE~3,Beute~A_TARGET_VIBE~3,Dämmerung~A_TARGET_VIBE~3,Spur~A_TARGET_VIBE~3,Rudel~A_TARGET_VIBE~3,Fell~A_TARGET_VIBE~3"
Salamander,3,2,Natur & Tiere,5,"Feuchte~A_TARGET_VIBE~3,Moos~A_TARGET_VIBE~2,Wald~A_TARGET_VIBE~2,Nachtregen~A_TARGET_VIBE~3,Bach~A_TARGET_VIBE~2"
Sardine,3,1|2,Essen & Trinken|Natur & Tiere,5,"Netz~A_TARGET_VIBE~2,Salz~A_TARGET_VIBE~2,Gräte~A_TARGET_VIBE~2,Räuchern~A_TARGET_VIBE~3,Haken~A_TARGET_VIBE~2"
Savanne,3,2|3,Natur & Tiere|Orte & Reisen,5,"Akazie~A_TARGET_VIBE~3,Trockenzeit~A_TARGET_VIBE~3,Herde~A_TARGET_VIBE~2,Staub~A_TARGET_VIBE~2,Hitze~A_TARGET_VIBE~2"
Schabe,3,2,Natur & Tiere,5,"Krabbeln~A_TARGET_VIBE~3,Nachtaktiv~A_TARGET_VIBE~3,Panzer~A_TARGET_VIBE~3,Schwarm~A_TARGET_VIBE~2,Saugrüssel~A_TARGET_VIBE~3"
Schildkröte,3,2,Natur & Tiere,5,"Panzer~A_TARGET_VIBE~3,Sonnplatz~A_TARGET_VIBE~2,Terrarium~A_TARGET_VIBE~3,Schuppen~A_TARGET_VIBE~3,Ufer~A_TARGET_VIBE~2"
Schilf,3,2,Natur & Tiere,5,"Ufer~A_TARGET_VIBE~3,Schattig~A_TARGET_VIBE~3,Feuchte~A_TARGET_VIBE~3,Samen~A_TARGET_VIBE~2,Laub~A_TARGET_VIBE~2"
Schlange,2,2,Natur & Tiere,4,"Schuppen~A_TARGET_VIBE~3,Tarnung~A_TARGET_VIBE~3,Sonnplatz~A_TARGET_VIBE~2,Terrarium~A_TARGET_VIBE~3"
Schnee,1,11,Wetter & Himmel,4,"Flocke~A_TARGET_VIBE~2,Schlitten~A_TARGET_VIBE~2,Kälte~A_TARGET_VIBE~2,Fußspur~A_TARGET_VIBE~2"
Schwan,3,2,Natur & Tiere,5,"Ufer~A_TARGET_VIBE~2,Schilf~A_TARGET_VIBE~3,Kolonie~A_TARGET_VIBE~2,Flattern~A_TARGET_VIBE~2,Schnabel~A_TARGET_VIBE~2"
Seeadler,4,2,Natur & Tiere,6,"Thermik~A_TARGET_VIBE~3,Kreisflug~A_TARGET_VIBE~3,Klaue~A_TARGET_VIBE~3,Beute~A_TARGET_VIBE~3,Küste~A_TARGET_VIBE~3,Ansitz~A_TARGET_VIBE~3"
Seegras,4,2,Natur & Tiere,6,"Ufer~A_TARGET_VIBE~3,Feuchte~A_TARGET_VIBE~3,Samen~A_TARGET_VIBE~3,Laub~A_TARGET_VIBE~3,Waldduft~A_TARGET_VIBE~3,Schattig~A_TARGET_VIBE~3"
Seerose,4,2,Natur & Tiere,6,"Teich~A_TARGET_VIBE~3,Schwimmblatt~A_TARGET_VIBE~3,Ufer~A_TARGET_VIBE~3,Sommer~A_TARGET_VIBE~3,Stillwasser~A_TARGET_VIBE~3,Libelle~A_TARGET_VIBE~3"
See,2,2|3,Natur & Tiere|Orte & Reisen,4,"Ufer~A_TARGET_VIBE~2,Boot~A_TARGET_VIBE~2,Anker~A_TARGET_VIBE~2,Schilf~A_TARGET_VIBE~2"
Seeschwalbe,4,2,Natur & Tiere,6,"Küste~A_TARGET_VIBE~3,Sturzflug~A_TARGET_VIBE~3,Fischfang~A_TARGET_VIBE~3,Kolonie~A_TARGET_VIBE~3,Brandung~A_TARGET_VIBE~3,Feder~A_TARGET_VIBE~3"
Skorpion,4,2,Natur & Tiere,6,"Zange~A_TARGET_VIBE~3,Stich~A_TARGET_VIBE~3,Sand~A_TARGET_VIBE~3,Nachtaktiv~A_TARGET_VIBE~3,Panzer~A_TARGET_VIBE~3,Biss~A_TARGET_VIBE~3"
Spatz,2,2,Natur & Tiere,4,"Garten~A_TARGET_VIBE~2,Krümel~A_TARGET_VIBE~2,Nistkasten~A_TARGET_VIBE~3,Zwitschern~A_TARGET_VIBE~3"
Specht,4,2,Natur & Tiere,6,"Stamm~A_TARGET_VIBE~3,Borke~A_TARGET_VIBE~3,Horst~A_TARGET_VIBE~3,Zwitschern~A_TARGET_VIBE~3,Schnabel~A_TARGET_VIBE~3,Feder~A_TARGET_VIBE~3"
Steppe,3,2|3,Natur & Tiere|Orte & Reisen,5,"Trockenheit~A_TARGET_VIBE~3,Staub~A_TARGET_VIBE~3,Horizont~A_TARGET_VIBE~3,Hitze~A_TARGET_VIBE~2,Weide~A_TARGET_VIBE~2"
Stechpalme,4,2,Natur & Tiere,6,"Beere~A_TARGET_VIBE~3,Glanzblatt~A_TARGET_VIBE~3,Wintergrün~A_TARGET_VIBE~3,Hecke~A_TARGET_VIBE~3,Stachel~A_TARGET_VIBE~3,Kranz~A_TARGET_VIBE~3"
Steinpilz,3,1|2,Essen & Trinken|Natur & Tiere,5,"Sammelkorb~A_TARGET_VIBE~3,Pfanne~A_TARGET_VIBE~2,Waldduft~A_TARGET_VIBE~3,Herbst~A_TARGET_VIBE~2,Soße~A_TARGET_VIBE~2"
Steinfliege,3,2,Natur & Tiere,5,"Bach~A_TARGET_VIBE~3,Kiesel~A_TARGET_VIBE~3,Larve~A_TARGET_VIBE~2,Ufer~A_TARGET_VIBE~2,Feuchte~A_TARGET_VIBE~3"
Storch,4,2,Natur & Tiere,6,"Ufer~A_TARGET_VIBE~3,Schilf~A_TARGET_VIBE~3,Kolonie~A_TARGET_VIBE~3,Schnabel~A_TARGET_VIBE~3,Feder~A_TARGET_VIBE~3,Ansitz~A_TARGET_VIBE~3"
Strand,2,2|3,Natur & Tiere|Orte & Reisen,4,"Düne~A_TARGET_VIBE~2,Muschel~A_TARGET_VIBE~2,Sonne~A_TARGET_VIBE~2,Sandburg~A_TARGET_VIBE~3"
Strudel,3,1,Essen & Trinken,5,"Teig~A_TARGET_VIBE~2,Zimt~A_TARGET_VIBE~2,Puderzucker~A_TARGET_VIBE~3,Apfel~A_TARGET_VIBE~2,Füllung~A_TARGET_VIBE~2"
Sturm,3,11,Wetter & Himmel,5,"Windböe~A_TARGET_VIBE~3,Wellenkamm~A_TARGET_VIBE~3,Warnung~A_TARGET_VIBE~3,Regenfront~A_TARGET_VIBE~3,Dunkel~A_TARGET_VIBE~3"
Stern,2,11,Wetter & Himmel,4,"Nacht~A_TARGET_VIBE~2,Horizont~A_TARGET_VIBE~2,Schatten~A_TARGET_VIBE~2,Glühen~A_TARGET_VIBE~2"
Taube,2,2,Natur & Tiere,4,"Stadtplatz~A_TARGET_VIBE~2,Krümel~A_TARGET_VIBE~2,Flattern~A_TARGET_VIBE~2,Gurren~A_TARGET_VIBE~3"
Tal,2,2|3,Natur & Tiere|Orte & Reisen,4,"Schlucht~A_TARGET_VIBE~2,Panorama~A_TARGET_VIBE~3,Wanderpfad~A_TARGET_VIBE~3,Fels~A_TARGET_VIBE~2"
Tanne,2,2,Natur & Tiere,4,"Nadel~A_TARGET_VIBE~2,Zapfen~A_TARGET_VIBE~2,Harz~A_TARGET_VIBE~2,Winterduft~A_TARGET_VIBE~3"
Tau,2,11,Wetter & Himmel,4,"Morgensonne~A_TARGET_VIBE~3,Grashalm~A_TARGET_VIBE~2,Glitzern~A_TARGET_VIBE~3,Spinnennetz~A_TARGET_VIBE~3"
Thunfisch,4,1|2,Essen & Trinken|Natur & Tiere,6,"Netz~A_TARGET_VIBE~3,Gräte~A_TARGET_VIBE~3,Räuchern~A_TARGET_VIBE~3,Strömung~A_TARGET_VIBE~3,Haken~A_TARGET_VIBE~3,Salz~A_TARGET_VIBE~3"
Uhu,4,2,Natur & Tiere,6,"Nacht~A_TARGET_VIBE~3,Ansitz~A_TARGET_VIBE~3,Horst~A_TARGET_VIBE~3,Feder~A_TARGET_VIBE~3,Schnabel~A_TARGET_VIBE~3,Flugbahn~A_TARGET_VIBE~3"
Vulkan,3,2|3,Natur & Tiere|Orte & Reisen,5,"Lava~A_TARGET_VIBE~3,Asche~A_TARGET_VIBE~3,Krater~A_TARGET_VIBE~3,Rauch~A_TARGET_VIBE~3,Glut~A_TARGET_VIBE~3"
Wasserfall,2,2|3,Natur & Tiere|Orte & Reisen,4,"Gischt~A_TARGET_VIBE~2,Fels~A_TARGET_VIBE~2,Rauschen~A_TARGET_VIBE~2,Schlucht~A_TARGET_VIBE~3"
Wasserdampf,3,7|11,Wissenschaft & Medizin|Wetter & Himmel,5,"Kondens~A_TARGET_VIBE~3,Sauna~A_TARGET_VIBE~2,Nebel~A_TARGET_VIBE~2,Kochtopf~A_TARGET_VIBE~3,Fenster~A_TARGET_VIBE~3"
Wasserlilie,4,2,Natur & Tiere,6,"Teich~A_TARGET_VIBE~3,Schwimmblatt~A_TARGET_VIBE~3,Ufer~A_TARGET_VIBE~3,Sommer~A_TARGET_VIBE~3,Libelle~A_TARGET_VIBE~3,Stillwasser~A_TARGET_VIBE~3"
Wasserpest,3,2,Natur & Tiere,5,"Aquarium~A_TARGET_VIBE~3,Wucherung~A_TARGET_VIBE~3,Teich~A_TARGET_VIBE~2,Stängel~A_TARGET_VIBE~3,Unterwasser~A_TARGET_VIBE~3"
Weberknecht,4,2,Natur & Tiere,6,"Netz~A_TARGET_VIBE~3,Faden~A_TARGET_VIBE~3,Biss~A_TARGET_VIBE~3,Dämmerung~A_TARGET_VIBE~3,Zange~A_TARGET_VIBE~3,Weber~B_PART_VIBE~3"
Weide,3,2,Natur & Tiere,5,"Rinde~A_TARGET_VIBE~2,Laub~A_TARGET_VIBE~2,Jahresring~A_TARGET_VIBE~3,Krone~A_TARGET_VIBE~3,Schattig~A_TARGET_VIBE~3"
Welle,2,2|11,Natur & Tiere|Wetter & Himmel,4,"Kamm~A_TARGET_VIBE~2,Gischt~A_TARGET_VIBE~2,Surfen~A_TARGET_VIBE~2,Sog~A_TARGET_VIBE~2"
Wels,3,1|2,Essen & Trinken|Natur & Tiere,5,"Teich~A_TARGET_VIBE~3,Angel~A_TARGET_VIBE~2,Schuppe~A_TARGET_VIBE~3,Laich~A_TARGET_VIBE~2,Gräte~A_TARGET_VIBE~2"
Wespe,2,2,Natur & Tiere,4,"Stich~A_TARGET_VIBE~2,Schwarm~A_TARGET_VIBE~2,Summen~A_TARGET_VIBE~2,Nest~A_TARGET_VIBE~3"
Wiese,2,2,Natur & Tiere,4,"Pollen~A_TARGET_VIBE~2,Biene~A_TARGET_VIBE~2,Duft~A_TARGET_VIBE~2,Laub~A_TARGET_VIBE~3"
Wiesel,3,2,Natur & Tiere,5,"Revier~A_TARGET_VIBE~3,Dämmerung~A_TARGET_VIBE~3,Spur~A_TARGET_VIBE~2,Bau~A_TARGET_VIBE~2,Fell~A_TARGET_VIBE~3"
Wildschwein,3,2,Natur & Tiere,5,"Bau~A_TARGET_VIBE~3,Spur~A_TARGET_VIBE~2,Dämmerung~A_TARGET_VIBE~3,Wald~A_TARGET_VIBE~2,Schlamm~A_TARGET_VIBE~3"
Wipfel,3,2,Natur & Tiere,5,"Krone~A_TARGET_VIBE~3,Laub~A_TARGET_VIBE~2,Schattig~A_TARGET_VIBE~3,Jahresring~A_TARGET_VIBE~3,Rinde~A_TARGET_VIBE~2"
Wirbelsturm,4,11,Wetter & Himmel,6,"Trichter~A_TARGET_VIBE~3,Warnstufe~A_TARGET_VIBE~3,Druckabfall~A_TARGET_VIBE~3,Zerstörung~A_TARGET_VIBE~3,Böe~A_TARGET_VIBE~3,Radar~A_TARGET_VIBE~3"
Wisent,4,2,Natur & Tiere,6,"Herde~A_TARGET_VIBE~3,Weide~A_TARGET_VIBE~3,Staub~A_TARGET_VIBE~3,Revier~A_TARGET_VIBE~3,Spur~A_TARGET_VIBE~3,Fell~A_TARGET_VIBE~3"
Wolf,2,2,Natur & Tiere,4,"Rudel~A_TARGET_VIBE~2,Heulen~A_TARGET_VIBE~3,Revier~A_TARGET_VIBE~2,Spur~A_TARGET_VIBE~2"
Wolke,1,11,Wetter & Himmel,4,"Schatten~A_TARGET_VIBE~2,Wetterwechsel~A_TARGET_VIBE~3,Dunst~A_TARGET_VIBE~2,Baumwolle~A_TARGET_VIBE~2"
Wombat,4,2,Natur & Tiere,6,"Bau~A_TARGET_VIBE~3,Nachtaktiv~A_TARGET_VIBE~3,Graben~A_TARGET_VIBE~3,Fell~A_TARGET_VIBE~3,Spur~A_TARGET_VIBE~3,Revier~A_TARGET_VIBE~3"
Wurzel,2,2,Natur & Tiere,4,"Erde~A_TARGET_VIBE~2,Faser~A_TARGET_VIBE~2,Nährstoff~A_TARGET_VIBE~3,Boden~A_TARGET_VIBE~2"
Wüste,2,2|3,Natur & Tiere|Orte & Reisen,4,"Düne~A_TARGET_VIBE~2,Oase~A_TARGET_VIBE~2,Trockenheit~A_TARGET_VIBE~3,Hitze~A_TARGET_VIBE~2"
Yak,4,2,Natur & Tiere,6,"Herde~A_TARGET_VIBE~3,Kälte~A_TARGET_VIBE~3,Weide~A_TARGET_VIBE~3,Fell~A_TARGET_VIBE~3,Spur~A_TARGET_VIBE~3,Revier~A_TARGET_VIBE~3"
Zapfen,2,2,Natur & Tiere,4,"Harz~A_TARGET_VIBE~2,Nadel~A_TARGET_VIBE~2,Wintergrün~A_TARGET_VIBE~3,Waldweg~A_TARGET_VIBE~3"
Zaunkönig,4,2,Natur & Tiere,6,"Hecke~A_TARGET_VIBE~3,Zwitschern~A_TARGET_VIBE~3,Garten~A_TARGET_VIBE~3,Nistkasten~A_TARGET_VIBE~3,Laub~A_TARGET_VIBE~3,Zaun~B_PART_VIBE~3"
Zebra,2,2,Natur & Tiere,4,"Savanne~A_TARGET_VIBE~2,Herde~A_TARGET_VIBE~2,Flucht~A_TARGET_VIBE~2,Weide~A_TARGET_VIBE~2"
Zecke,3,2,Natur & Tiere,5,"Gras~A_TARGET_VIBE~2,Biss~A_TARGET_VIBE~2,Zeckenzange~A_TARGET_VIBE~3,Waldspaziergang~A_TARGET_VIBE~3,Rötung~A_TARGET_VIBE~2"
Ziege,3,2,Natur & Tiere,5,"Herde~A_TARGET_VIBE~2,Weide~A_TARGET_VIBE~2,Horn~A_TARGET_VIBE~3,Stall~A_TARGET_VIBE~2,Spur~A_TARGET_VIBE~2"
Zikade,3,2,Natur & Tiere,5,"Sommerhitze~A_TARGET_VIBE~3,Zirpen~A_TARGET_VIBE~2,Olivenhain~A_TARGET_VIBE~3,Flügel~A_TARGET_VIBE~2,Mediterran~A_TARGET_VIBE~3"
Zobel,4,2,Natur & Tiere,6,"Fell~A_TARGET_VIBE~3,Revier~A_TARGET_VIBE~3,Dämmerung~A_TARGET_VIBE~3,Spur~A_TARGET_VIBE~3,Bau~A_TARGET_VIBE~3,Wald~A_TARGET_VIBE~3"
Zypresse,3,2,Natur & Tiere,5,"Immergrün~A_TARGET_VIBE~3,Friedhof~A_TARGET_VIBE~3,Nadel~A_TARGET_VIBE~2,Mittelmeer~A_TARGET_VIBE~3,Silhouette~A_TARGET_VIBE~3"